r,l,t
210.0,597,13.531549
55.0,389,20.571205
120.0,554,30.353142
355.0,581,41.390474
380.0,617,52.495327
210.0,635,63.426683
210.0,635,74.66117
260.0,746,88.344128
210.0,625,99.721079
320.0,587,109.848611
210.0,632,121.204821
155.0,616,132.58772
155.0,605,143.725993
460.0,736,156.536339
285.0,727,170.271168
210.0,641,182.296283
275.0,750,196.180769
265.0,728,208.961754
210.0,644,220.337205
240.0,729,233.620713
290.0,812,247.991197
260.0,736,261.767612
410.0,643,274.240718
210.0,639,285.991235
260.0,734,299.165981
460.0,734,312.263772
260.0,749,326.131311
460.0,730,339.36861
355.0,592,349.671819
180.0,642,361.51328
180.0,657,373.306581
410.0,641,384.79342
180.0,661,396.759704
210.0,625,408.14273
180.0,620,419.351748
210.0,626,430.832217
285.0,730,443.298301
180.0,657,455.006287
210.0,654,466.902803
385.0,598,478.432953
260.0,732,491.883522
265.0,760,505.938294
380.0,611,516.646015
210.0,644,528.968251
210.0,633,540.689309
345.0,1083,561.105509
210.0,610,572.07456
270.0,721,585.989219
380.0,651,597.439646
210.0,647,609.39089
330.0,804,624.053828
340.0,1059,642.820268
290.0,758,656.246921
260.0,736,669.499648
180.0,641,680.984798
310.0,818,696.189962
545.0,1090,716.567848
240.0,730,729.175543
210.0,649,740.842983
210.0,631,751.894433
530.0,1092,772.414202
110.0,540,781.900395
165.0,480,789.912541
210.0,679,802.98722
155.0,602,813.383556
270.0,726,827.842484
110.0,483,836.811151
210.0,645,848.697656
440.0,742,861.990696
695.0,1215,884.342852
380.0,639,895.930781
445.0,776,909.773331
155.0,282,914.53376
390.0,1093,933.714609
180.0,615,945.215338
330.0,1162,966.120046
135.0,481,975.545824
185.0,729,988.600329
210.0,634,1000.313784
135.0,511,1009.529337
210.0,628,1020.87113
105.0,415,1028.291439
440.0,717,1041.299193
465.0,721,1054.015641
210.0,613,1065.258533
420.0,893,1081.556592
270.0,721,1095.065063
80.0,287,1100.191304
55.0,249,1104.637286
380.0,601,1115.128525
225.0,597,1126.053443
180.0,613,1137.342523
425.0,677,1149.756428
75.0,264,1154.571692
105.0,475,1162.689499
300.0,836,1178.295003
290.0,762,1192.382623
120.0,473,1200.633492
460.0,706,1214.419716
460.0,734,1227.864083
155.0,604,1238.234625
260.0,725,1251.619803
360.0,823,1266.074018
185.0,636,1277.349423
180.0,478,1286.412032
360.0,756,1300.852988
365.0,827,1315.652262
305.0,729,1328.966921
260.0,750,1341.779848
500.0,677,1354.508147
240.0,737,1367.257021
215.0,624,1378.656834
180.0,597,1390.482768
135.0,486,1399.299535
215.0,634,1410.347658
210.0,614,1421.460572
330.0,892,1437.798435
320.0,867,1453.374886
90.0,367,1460.215487
230.0,662,1472.211241
485.0,786,1486.872437
210.0,488,1495.65571
85.0,424,1503.085085
140.0,486,1512.146405
335.0,553,1521.946562
75.0,278,1526.954583
230.0,594,1537.202102
90.0,353,1543.905523
155.0,483,1552.713265
210.0,423,1560.028139
570.0,1267,1582.858206
250.0,688,1595.038414
220.0,569,1606.478025
180.0,379,1613.341404
190.0,501,1621.78691
75.0,275,1626.583931
620.0,868,1642.440071
145.0,465,1651.049944
205.0,753,1664.713049
230.0,577,1674.528222
135.0,358,1681.085068
125.0,390,1688.05618
490.0,690,1700.736281
205.0,627,1712.576097
595.0,877,1728.419475
85.0,363,1734.591542
330.0,464,1743.023954
555.0,637,1754.73822
170.0,510,1763.894818
640.0,795,1778.189044
305.0,560,1788.117049
625.0,864,1804.213164
455.0,767,1818.015276
290.0,541,1827.683479
375.0,733,1841.019583
195.0,576,1851.434274
265.0,499,1861.045351
465.0,597,1872.257307
260.0,592,1882.651093
570.0,790,1896.623082
375.0,582,1907.659718
525.0,979,1925.197418
600.0,826,1940.515223
365.0,626,1951.85547
175.0,502,1960.268325
165.0,542,1970.826364
390.0,639,1982.293569
160.0,517,1991.599078
360.0,713,2004.188851
300.0,716,2017.959478
230.0,500,2026.22983
265.0,708,2039.371839
260.0,560,2049.181896
335.0,686,2062.091646
270.0,582,2072.121241
345.0,657,2083.619767
235.0,599,2095.056752
280.0,517,2104.570785
145.0,385,2111.31062
335.0,673,2123.260863
90.0,365,2130.123172
415.0,615,2141.24915
260.0,709,2154.369311
335.0,639,2166.508122
235.0,619,2177.779787
230.0,501,2186.273984
405.0,689,2198.826257
215.0,596,2209.25189
140.0,492,2218.175851
450.0,716,2231.460501
215.0,680,2243.560978
275.0,536,2253.158394
180.0,549,2262.918695
310.0,627,2274.114819
495.0,767,2288.043005
525.0,998,2306.544126
60.0,358,2312.395715
260.0,472,2321.137486
495.0,794,2335.351712
395.0,809,2349.801362
200.0,481,2358.815702
345.0,680,2371.032235
195.0,526,2380.344967
280.0,534,2390.94744
20.0,241,2394.477509
275.0,453,2403.350962
255.0,568,2413.121757
370.0,690,2425.824067
460.0,972,2442.741546
85.0,411,2449.951955
305.0,646,2461.409765
365.0,766,2475.960373
430.0,997,2494.098752
565.0,718,2506.741238
190.0,575,2517.498024
70.0,373,2524.113995
100.0,538,2533.606897
440.0,715,2546.294809
695.0,886,2562.478487
350.0,647,2574.102096
135.0,483,2582.85728
210.0,516,2592.671023
390.0,611,2604.41493
270.0,651,2616.061083
235.0,638,2627.653994
220.0,586,2637.843175
185.0,483,2646.817527
315.0,690,2658.895241
170.0,480,2667.622257
250.0,627,2679.283064
90.0,389,2686.592108
640.0,960,2703.445084
230.0,504,2712.467787
320.0,731,2726.727017
285.0,759,2740.324087
425.0,806,2754.681223
345.0,793,2768.962165
545.0,1157,2789.442462
550.0,709,2801.783005
360.0,721,2814.677025
250.0,444,2822.212189
165.0,508,2831.688884
750.0,931,2848.56304
360.0,639,2860.276572
360.0,654,2872.118398
140.0,469,2880.879491
35.0,359,2887.765753
270.0,603,2898.17876
200.0,530,2908.233103
185.0,509,2916.602228
340.0,738,2930.245486
260.0,597,2941.280376
75.0,365,2947.950361
540.0,854,2962.831303
175.0,425,2970.199733
280.0,536,2980.695098
125.0,469,2988.781222
555.0,1001,3006.507524
380.0,953,3023.766929
445.0,611,3035.454035
200.0,485,3044.104848
450.0,782,3058.119342
245.0,432,3065.874465
475.0,962,3083.4603
115.0,381,3090.497114
315.0,657,3102.283877
230.0,507,3111.340292
415.0,871,3127.062705
255.0,549,3136.740062
345.0,667,3148.470129
255.0,480,3157.134968
675.0,928,3173.997996
410.0,734,3187.431294
250.0,523,3196.704567
345.0,778,3210.643096
425.0,703,3224.283711
300.0,628,3235.134984
335.0,650,3247.080294
580.0,644,3258.894979
365.0,736,3272.556525
70.0,272,3277.45642
550.0,885,3293.45582
270.0,537,3303.050157
455.0,844,3318.336908
525.0,862,3333.252748
295.0,579,3344.733645
455.0,720,3358.082349
570.0,1150,3378.831158
555.0,1048,3397.561438
775.0,825,3412.950775
235.0,565,3422.827108
320.0,701,3436.615128
175.0,530,3445.963444
550.0,850,3460.777102
265.0,618,3472.239352
75.0,314,3477.60019
515.0,879,3494.552527
435.0,748,3508.145369
335.0,497,3517.167428
460.0,831,3531.958966
495.0,690,3544.867139
425.0,817,3559.154882
1015.0,1102,3578.368561
250.0,679,3590.967384
105.0,404,3598.274222
360.0,571,3608.263286
330.0,758,3621.852115
295.0,715,3635.608631
285.0,429,3643.228685
215.0,463,3651.032479
255.0,615,3662.153546
175.0,422,3669.429826
455.0,713,3683.01123
460.0,815,3697.862623
500.0,690,3710.195144
155.0,519,3719.542254
285.0,584,3730.356417
420.0,777,3744.424187
475.0,925,3760.801798
125.0,367,3767.512004
220.0,537,3776.813022
195.0,426,3784.052228
190.0,415,3792.182716
545.0,637,3802.945382
330.0,589,3814.507633
170.0,384,3821.418827
270.0,470,3829.936089
145.0,453,3837.803692
545.0,639,3849.088388
365.0,831,3863.736175
360.0,669,3876.436392
640.0,1002,3893.997134
345.0,666,3906.090485
285.0,695,3919.189017
300.0,725,3932.015629
210.0,402,3939.246659
175.0,396,3947.401984
250.0,567,3957.251971
210.0,458,3965.193408
335.0,665,3977.884336
365.0,745,3990.673762
365.0,714,4004.064004
380.0,652,4015.317789
580.0,1035,4034.29428
370.0,711,4046.977922
365.0,701,4059.784559
625.0,953,4076.481065
175.0,428,4083.890452
220.0,478,4092.793791
205.0,455,4101.379843
345.0,650,4112.977842
680.0,907,4129.24172
225.0,430,4136.689358
315.0,574,4146.686928
340.0,575,4157.749798
415.0,679,4170.266864
505.0,601,4181.338331
170.0,494,4189.88335
300.0,619,4201.02461
500.0,1311,4224.542745
590.0,606,4235.502575
425.0,683,4247.646132
395.0,747,4261.161761
240.0,416,4268.406946
415.0,645,4279.954754
375.0,722,4293.257855
400.0,689,4305.443084
635.0,851,4321.017591
335.0,704,4333.357168
130.0,397,4340.326309
260.0,659,4352.066024
270.0,572,4362.565482
160.0,389,4369.433607
140.0,298,4374.543245
80.0,299,4379.726834
290.0,673,4391.914304
260.0,511,4401.544298
745.0,731,4414.828974
280.0,485,4423.740748
545.0,1053,4443.445966
510.0,1008,4462.511435
500.0,815,4476.881822
540.0,843,4492.450788
330.0,777,4506.452798
110.0,303,4511.612906
460.0,723,4523.931352
210.0,495,4532.889643
515.0,863,4548.561639
70.0,283,4553.463942
375.0,681,4565.815326
465.0,674,4579.139971
305.0,582,4589.284578
575.0,814,4603.638231
220.0,600,4614.7561
440.0,944,4631.733739
285.0,587,4642.386066
270.0,585,4652.470795
225.0,813,4668.301344
315.0,581,4678.472197
275.0,606,4689.424129
230.0,492,4698.457627
490.0,811,4713.23722
800.0,1249,4736.455526
330.0,619,4746.985464
450.0,623,4758.253459
400.0,681,4770.481778
330.0,582,4781.134002
300.0,583,4791.415783
270.0,715,4804.887117
470.0,812,4819.663931
240.0,598,4830.576164
350.0,546,4839.997753
470.0,799,4854.558245
540.0,744,4868.384042
165.0,480,4877.091496
225.0,410,4884.155928
115.0,370,4891.037544
445.0,880,4906.530796
485.0,736,4920.303267
690.0,933,4936.648788
290.0,550,4947.499744
410.0,761,4960.891655
165.0,525,4970.452867
510.0,847,4986.083363
470.0,893,5002.769394
320.0,715,5016.038593
630.0,828,5032.451154
250.0,563,5042.560023
300.0,616,5053.52131
245.0,479,5062.268003
465.0,928,5079.12376
190.0,605,5089.602191
395.0,658,5101.900237
545.0,1043,5120.655111
315.0,683,5132.351322
600.0,1481,5159.440993
630.0,1095,5179.745985
435.0,611,5191.353678
330.0,606,5202.240263
285.0,635,5214.510243
605.0,982,5233.336576
485.0,816,5247.674203
325.0,497,5256.694517
505.0,980,5274.868449
850.0,989,5292.201182
600.0,848,5307.653306
780.0,931,5323.950347
745.0,643,5335.606635
245.0,572,5345.669219
355.0,646,5357.896788
575.0,1200,5380.156051
430.0,737,5392.991976
405.0,825,5409.13528
575.0,698,5421.433625
345.0,620,5432.775495
430.0,926,5449.095513
240.0,749,5462.97076
355.0,594,5473.105493
600.0,1084,5493.102544
545.0,1026,5511.863202
680.0,925,5528.217603
680.0,811,5542.867181
225.0,405,5550.310871
160.0,511,5559.724071
385.0,806,5574.7492
925.0,1228,5596.294059
230.0,495,5605.746855
90.0,385,5612.808431
390.0,589,5622.935847
570.0,838,5638.262113
305.0,503,5647.690276
745.0,1055,5666.901983
365.0,615,5678.038207
410.0,658,5689.7002
595.0,627,5701.033288
590.0,690,5713.337735
445.0,712,5725.99311
680.0,889,5742.21383
190.0,394,5749.212677
380.0,824,5765.015388
250.0,678,5777.49351
375.0,812,5792.091037
210.0,500,5800.994313
410.0,720,5814.353208
545.0,756,5827.073337
675.0,906,5843.402867
435.0,659,5855.239747
245.0,496,5864.564712
420.0,811,5879.474173
145.0,487,5887.724101
315.0,583,5899.109223
545.0,795,5914.06824
145.0,438,5921.798827
530.0,808,5936.578845
310.0,596,5946.753519
495.0,861,5962.592885
455.0,684,5974.630378
605.0,1228,5996.709377
325.0,547,6006.13784
445.0,685,6018.419664
485.0,802,6033.162496
330.0,493,6042.293171
275.0,586,6052.902097
490.0,736,6065.636552
215.0,579,6077.091892
325.0,675,6089.312816
375.0,627,6100.799546
395.0,576,6110.494277
530.0,676,6123.125433
820.0,1049,6141.868446
370.0,594,6152.236166
385.0,630,6164.410063
345.0,597,6175.376648
405.0,653,6187.061795
430.0,636,6198.744271
630.0,856,6214.158567
155.0,472,6223.383712
495.0,834,6237.780871
500.0,969,6255.767692
280.0,594,6266.005522
370.0,660,6278.667921
315.0,513,6287.050427
185.0,440,6295.328766
180.0,519,6304.713558
265.0,574,6314.658955
145.0,489,6323.379741
335.0,647,6335.139086
270.0,415,6342.445775
515.0,820,6358.360677
325.0,737,6371.583228
360.0,585,6382.425967
295.0,597,6392.615023
525.0,774,6406.554862
445.0,1008,6424.782681
560.0,677,6436.712963
695.0,944,6454.28513
545.0,1031,6472.444525
120.0,371,6479.336872
295.0,468,6487.52471
370.0,704,6500.680876
315.0,573,6510.646662
405.0,903,6527.047748
360.0,759,6540.932368
525.0,633,6552.096792
135.0,434,6559.72049
330.0,629,6571.024689
410.0,627,6582.514243
380.0,666,6594.094245
555.0,678,6606.047547
450.0,859,6621.803661
385.0,620,6633.122498
440.0,700,6645.388337
155.0,392,6652.115863
305.0,604,6663.551399
305.0,635,6675.536549
310.0,627,6686.076846
800.0,899,6702.133935
470.0,716,6716.095256
665.0,843,6731.058829
150.0,549,6741.177818
490.0,686,6753.157588
245.0,475,6761.896189
280.0,564,6771.586795
445.0,865,6787.881527
205.0,402,6794.97491
480.0,797,6808.845355
115.0,454,6816.636411
575.0,969,6834.53653
650.0,833,6849.180695
465.0,961,6866.769858
320.0,583,6876.632614
700.0,588,6887.305722
310.0,559,6897.036516
450.0,699,6909.296896
375.0,710,6922.300283
485.0,704,6934.542253
470.0,715,6948.266433
320.0,548,6957.784801
595.0,583,6968.440303
90.0,303,6973.599387
325.0,522,6982.927525
390.0,568,6992.754223
410.0,791,7006.865192
395.0,716,7020.659897
440.0,751,7033.874405
515.0,857,7048.998419
395.0,727,7062.606288
680.0,693,7074.587975
295.0,503,7083.592584
360.0,574,7094.000166
240.0,580,7103.998265
575.0,732,7117.727634
165.0,500,7127.195668
380.0,531,7136.687638
315.0,545,7146.276906
380.0,597,7157.412888
605.0,964,7174.319692
850.0,995,7192.230568
540.0,854,7207.198267
430.0,653,7219.026133
575.0,1086,7238.943498
540.0,629,7250.481143
460.0,964,7267.451251
600.0,1072,7286.357928
345.0,541,7297.212267
580.0,582,7307.386178
465.0,721,7320.460104
550.0,766,7334.575812
510.0,571,7344.710441
245.0,449,7352.421129
340.0,575,7363.208922
275.0,536,7372.692032
585.0,822,7387.391615
450.0,750,7401.988656
325.0,681,7414.223647
395.0,721,7427.329797
255.0,490,7436.151772
570.0,1035,7454.533796
325.0,618,7465.861077
500.0,817,7481.122925
545.0,795,7495.580628
530.0,791,7509.522051
370.0,708,7522.604396
775.0,1097,7541.840787
425.0,831,7557.567114
370.0,512,7566.179082
370.0,564,7576.855914
340.0,598,7587.116498
525.0,844,7602.793957
745.0,1034,7621.091989
385.0,632,7632.467185
670.0,1059,7652.125807
305.0,578,7662.934387
515.0,800,7677.141465
530.0,729,7689.850662
375.0,569,7700.691794
435.0,646,7712.120678
300.0,587,7722.22351
295.0,557,7732.672692
650.0,556,7742.143446
525.0,994,7760.8188
335.0,582,7771.187901
770.0,997,7789.005561
495.0,772,7803.015126
345.0,631,7814.65314
540.0,963,7832.208759
600.0,1061,7851.090139
340.0,622,7862.225215
585.0,974,7880.121012
320.0,563,7889.935064
315.0,673,7901.735984
465.0,653,7913.375661
520.0,825,7928.780463
385.0,631,7939.627137
565.0,817,7955.327958
600.0,958,7971.894611
315.0,478,7980.880425
400.0,576,7990.989141
380.0,632,8002.251312
315.0,512,8011.186032
360.0,604,8022.607085
440.0,678,8035.144702
290.0,482,8044.469995
345.0,674,8056.309842
440.0,736,8069.819825
750.0,890,8085.729836
390.0,696,8097.752475
355.0,664,8109.895186
395.0,735,8124.219655
410.0,742,8137.094629
310.0,518,8146.264163
270.0,492,8155.076322
415.0,731,8168.491866
510.0,677,8180.305244
475.0,910,8197.019362
320.0,705,8210.399182
805.0,1118,8229.904428
320.0,581,8241.003455
450.0,785,8254.806975
570.0,874,8270.701717
545.0,869,8285.664526
380.0,580,8296.526718
440.0,725,8308.932021
785.0,1003,8327.721579
550.0,816,8342.676156
575.0,886,8358.800409
420.0,793,8373.037448
220.0,471,8381.656878
490.0,770,8395.178118
500.0,743,8409.050344
395.0,658,8421.454216
545.0,937,8437.826717
445.0,681,8449.842871
520.0,893,8466.028457
525.0,909,8482.17566
690.0,927,8498.46921
515.0,895,8514.567575
550.0,843,8530.151423
515.0,922,8546.491463
175.0,480,8555.244839
480.0,710,8567.806472
470.0,795,8582.826231
545.0,956,8600.698049
440.0,721,8613.222312
570.0,887,8629.918501
440.0,639,8641.543733
300.0,665,8653.250298
190.0,533,8662.514878
465.0,900,8678.900177
335.0,850,8694.500917
755.0,1215,8716.134671
340.0,546,8726.464679
600.0,910,8743.030607
270.0,484,8751.414556
455.0,897,8767.748038
390.0,618,8778.760477
455.0,795,8793.27002
385.0,667,8804.995955
730.0,797,8819.290336
545.0,864,8835.174636
800.0,1237,8858.068569
575.0,874,8874.099008
390.0,712,8886.626968
600.0,1045,8904.947994
320.0,583,8915.985563
250.0,572,8925.778178
580.0,657,8937.472401
680.0,980,8956.029696
490.0,876,8971.270521
770.0,1023,8989.484342
460.0,808,9004.282651
600.0,1007,9023.278892
365.0,679,9035.905779
485.0,759,9049.806934
570.0,1029,9068.445084
740.0,969,9085.683307
265.0,534,9095.146465
545.0,1182,9116.134752
505.0,745,9129.604361
580.0,711,9142.770332
575.0,1142,9162.88054
335.0,630,9174.089998
570.0,801,9189.304689
325.0,436,9196.81337
600.0,897,9213.073745
495.0,716,9225.863002
415.0,759,9240.034423
310.0,684,9252.900979
600.0,834,9267.563167
455.0,690,9279.581547
880.0,1353,9304.630641
805.0,1315,9328.743538
85.0,310,9334.015689
495.0,756,9347.880224
1075.0,1362,9373.417732
570.0,1045,9392.325737
415.0,634,9403.681056
280.0,497,9412.557944
575.0,1009,9430.06873
385.0,690,9442.746948
540.0,783,9456.625093
340.0,561,9466.90541
600.0,794,9481.852735
295.0,472,9490.555056
420.0,611,9501.580857
425.0,676,9513.53885
600.0,957,9530.383521
515.0,935,9547.859641
235.0,517,9557.149585
405.0,823,9571.567192
720.0,1060,9590.660058
365.0,624,9602.52799
455.0,604,9614.101354
800.0,1033,9632.828918
490.0,862,9647.711066
405.0,611,9658.710877
365.0,566,9668.421121
340.0,603,9679.47313
390.0,681,9691.967954
375.0,673,9704.459618
390.0,737,9717.808334
525.0,809,9731.923859
495.0,1098,9751.830839
610.0,1015,9770.742715
340.0,833,9785.011574
555.0,1017,9803.081936
385.0,563,9812.90235
600.0,879,9828.680487
575.0,853,9845.315513
265.0,490,9854.371317
490.0,1110,9873.802855
455.0,739,9887.268646
360.0,681,9899.15718
290.0,593,9909.79453
460.0,709,9922.152048
315.0,683,9935.858671
570.0,651,9947.286813
860.0,1625,9976.166952
570.0,843,9991.414159
815.0,1230,10013.659872
440.0,894,10030.248712
345.0,615,10041.392075
600.0,803,10055.421889
700.0,1045,10073.60656
520.0,769,10088.183686
600.0,897,10104.179746
300.0,572,10114.998856
340.0,624,10125.637159
345.0,626,10137.044244
360.0,561,10147.630947
450.0,709,10159.837597
270.0,483,10168.850358
495.0,827,10183.179652
475.0,665,10195.168991
365.0,641,10206.95329
330.0,658,10218.706363
465.0,803,10233.007498
510.0,895,10249.525811
640.0,664,10262.15796
555.0,644,10272.807647
295.0,632,10284.377486
245.0,626,10295.448088
570.0,1007,10313.603345
745.0,813,10327.856369
570.0,1135,10348.978044
275.0,478,10357.608393
870.0,821,10371.982958
1060.0,1171,10392.62765
300.0,621,10403.822927
545.0,1028,10423.043209
575.0,924,10439.388964
550.0,728,10452.73442
600.0,942,10469.133821
505.0,684,10481.384392
660.0,678,10494.148461
430.0,686,10506.262442
375.0,600,10517.541469
755.0,1247,10540.388283
520.0,832,10555.639811
600.0,890,10571.699731
775.0,1103,10591.416511
405.0,579,10601.85304
490.0,803,10615.942458
495.0,1108,10635.252431
490.0,907,10652.037451
430.0,637,10663.312449
525.0,883,10679.345729
670.0,759,10692.692584
420.0,636,10704.259255
540.0,742,10718.094922
300.0,532,10727.376575
540.0,669,10739.439074
735.0,1193,10761.080101
740.0,756,10774.330942
745.0,1017,10792.357045
190.0,377,10799.258269
515.0,861,10814.446242
460.0,816,10830.011781
700.0,1105,10849.121397
375.0,537,10859.46009
430.0,670,10871.152351
485.0,694,10883.419424
465.0,819,10898.118935
425.0,853,10913.834474
280.0,535,10923.386715
600.0,947,10940.238086
430.0,718,10953.216938
570.0,1035,10972.135457
550.0,888,10988.213705
1075.0,1291,11011.531381
610.0,761,11025.182956
385.0,583,11035.207201
245.0,471,11044.002587
770.0,902,11059.832204
545.0,668,11071.974849
335.0,534,11081.607258
410.0,767,11095.454074
570.0,928,11111.660994
720.0,793,11126.38475
580.0,892,11142.531052
610.0,927,11159.646155
445.0,795,11173.7829
620.0,777,11187.757211
525.0,799,11202.384625
695.0,904,11219.037647
315.0,596,11230.061115
475.0,804,11244.254185
775.0,767,11257.995339
495.0,734,11270.712873
665.0,854,11286.996154
600.0,1195,11309.323956
575.0,858,11325.001951
540.0,786,11339.486667
500.0,1013,11357.854709
610.0,910,11374.001904
660.0,935,11390.236055
555.0,868,11406.534409
450.0,853,11421.565191
445.0,950,11439.17727
345.0,616,11451.028561
440.0,798,11465.125812
550.0,953,11481.772521
375.0,614,11492.827955
420.0,716,11505.51825
605.0,894,11521.564129
780.0,837,11536.801625
515.0,827,11551.452
575.0,960,11569.461888
470.0,1079,11588.548064
1000.0,952,11605.504023
540.0,696,11618.972625
710.0,682,11631.319303
600.0,976,11648.816409
440.0,733,11661.379549
325.0,570,11671.933097
405.0,597,11682.391518
410.0,804,11696.809318
545.0,877,11712.647095
660.0,954,11730.089302
420.0,634,11741.517011
505.0,810,11756.062635
995.0,1424,11781.944152
365.0,553,11791.438629
530.0,684,11803.516517
720.0,824,11818.63155
455.0,949,11835.600151
545.0,753,11849.467585
515.0,786,11863.392302
545.0,757,11877.151837
545.0,866,11892.761848
575.0,987,11910.155533
455.0,708,11924.166466
830.0,1217,11946.043064
375.0,632,11957.437317
505.0,858,11972.658894
600.0,949,11989.423123
410.0,604,12000.745002
220.0,500,12009.757861
460.0,785,12023.565019
570.0,921,12039.783362
355.0,608,12050.215386
565.0,803,12065.511953
460.0,859,12080.62534
570.0,1070,12100.728763
545.0,928,12117.861963
675.0,660,12129.414428
340.0,484,12137.909757
490.0,867,12152.873968
600.0,683,12165.331327
675.0,1085,12184.941838
310.0,541,12194.513633
425.0,593,12205.140282
715.0,805,12219.465941
490.0,849,12234.949784
670.0,955,12251.972826
775.0,1000,12270.880329
380.0,620,12282.088581
575.0,1180,12302.973134
775.0,1183,12323.968884
480.0,744,12337.560768
800.0,1104,12356.607221
570.0,1052,12375.797038
760.0,1041,12394.221468
775.0,770,12407.852811
370.0,521,12417.251762
435.0,605,12428.342973
340.0,617,12440.264392
805.0,1150,12461.224145
360.0,578,12471.017885
600.0,962,12488.543239
805.0,935,12505.119308
575.0,875,12521.875212
385.0,781,12536.415698
775.0,929,12552.771428
460.0,708,12565.025823
460.0,704,12577.782422
520.0,846,12592.526868
520.0,766,12606.644541
490.0,825,12621.849993
605.0,1015,12639.992493
370.0,547,12649.640563
410.0,582,12659.996598
435.0,635,12671.225878
545.0,1145,12691.781387
600.0,912,12708.25414
515.0,815,12723.130743
600.0,906,12739.152497
505.0,895,12755.214739
960.0,1140,12775.773403
510.0,805,12790.90162
475.0,570,12800.689954
575.0,863,12816.247747
495.0,747,12829.210176
310.0,593,12839.949179
480.0,967,12857.809926
710.0,1014,12875.381755
495.0,612,12886.987085
600.0,1001,12904.774073
575.0,959,12921.284403
230.0,379,12927.905973
525.0,930,12945.08517
675.0,1089,12965.562732
615.0,767,12979.058527
695.0,847,12993.855509
600.0,1032,13012.140189
635.0,859,13028.289061
450.0,706,13040.619445
435.0,628,13051.786349
605.0,929,13068.592795
555.0,934,13085.634833
355.0,585,13095.66893
470.0,605,13106.662639
400.0,581,13116.885299
585.0,971,13134.580503
365.0,713,13146.849309
675.0,1113,13167.298235
775.0,1065,13186.132175
600.0,981,13204.303422
435.0,712,13216.710431
685.0,1096,13236.792076
605.0,903,13252.64939
485.0,751,13266.34933
605.0,945,13282.876592
435.0,836,13297.510127
325.0,484,13306.695467
600.0,1026,13325.181982
460.0,884,13341.049149
735.0,1067,13359.574828
570.0,968,13377.571446
470.0,789,13391.617065
435.0,568,13401.707552
265.0,405,13408.995608
395.0,666,13420.974458
600.0,887,13437.15285
575.0,871,13453.271309
575.0,826,13468.538744
580.0,1052,13487.397835
545.0,851,13501.989462
480.0,818,13517.42732
525.0,770,13531.472954
575.0,1058,13550.006101
380.0,482,13558.051385
450.0,670,13570.562828
450.0,825,13584.951877
430.0,727,13598.104344
395.0,682,13609.930082
500.0,787,13623.971983
545.0,729,13637.76781
635.0,890,13652.987866
445.0,865,13669.240139
315.0,490,13678.274737
700.0,926,13694.771223
330.0,582,13705.684293
545.0,1086,13724.821807
575.0,914,13741.087818
545.0,724,13754.309607
660.0,815,13768.935908
800.0,1120,13789.290775
575.0,915,13805.659734
800.0,1052,13824.976264
555.0,927,13841.143276
600.0,1019,13859.405728
600.0,1080,13878.254795
355.0,626,13889.420691
350.0,687,13902.45057
775.0,1121,13922.679234
695.0,993,13940.819029
340.0,656,13952.106693
605.0,937,13968.703579
600.0,914,13985.131791
280.0,453,13994.133495
955.0,969,14010.991461
600.0,1063,14030.376526
820.0,1299,14053.534271
805.0,779,14067.150904
435.0,743,14079.832042
525.0,739,14093.352836
390.0,676,14105.501423
600.0,1170,14126.4721
515.0,863,14142.017928
630.0,1087,14161.979587
460.0,883,14177.54068
545.0,929,14194.741478
400.0,571,14204.56113
645.0,986,14222.188036
330.0,483,14230.334469
490.0,641,14241.679677
1045.0,1440,14267.31749
580.0,753,14281.558577
400.0,578,14292.418204
745.0,882,14308.450434
745.0,1088,14328.125791
575.0,1037,14346.333287
570.0,1061,14364.823471
490.0,751,14378.347627
600.0,921,14394.563029
745.0,746,14408.552806
525.0,785,14422.408068
500.0,702,14435.80555
360.0,540,14446.002628
605.0,1039,14464.509747
550.0,788,14478.402553
600.0,1071,14497.118332
385.0,582,14508.16065
255.0,495,14516.429868
685.0,689,14529.271983
585.0,1049,14548.74662
770.0,1306,14571.89693
540.0,862,14587.587444
685.0,621,14598.935678
435.0,627,14609.388722
395.0,663,14621.313895
520.0,958,14638.534073
435.0,644,14649.830833
865.0,1346,14673.914315
775.0,1056,14693.244975
800.0,952,14710.516673
600.0,926,14727.147806
690.0,1035,14745.655818
365.0,455,14754.100471
630.0,939,14770.451187
405.0,570,14780.40344
630.0,1008,14798.171166
515.0,862,14814.266357
725.0,748,14827.899216
425.0,686,14840.072426
215.0,530,14849.66212
330.0,700,14862.350859
270.0,613,14873.69983
375.0,749,14886.908883
500.0,797,14901.342737
580.0,867,14916.795219
600.0,1013,14934.98594
515.0,851,14949.545171
1255.0,1470,14977.194437
455.0,794,14991.356878
530.0,653,15003.594253
430.0,521,15013.001864
305.0,543,15022.303044
600.0,906,15038.554082
430.0,542,15047.958992
745.0,1014,15066.194842
400.0,643,15077.801149
755.0,1124,15097.941355
385.0,546,15107.668057
545.0,935,15124.609612
520.0,861,15140.011039
700.0,874,15156.295239
545.0,1132,15176.213511
425.0,643,15187.647858
445.0,931,15204.863397
570.0,886,15220.18821
340.0,697,15233.134964
350.0,499,15241.933889
430.0,790,15255.898759
455.0,866,15270.708566
415.0,608,15281.774638
575.0,897,15298.093623
605.0,1022,15316.839478
340.0,562,15326.648913
605.0,832,15342.416877
200.0,696,15355.102445
420.0,696,15368.04551
105.0,335,15373.528445
360.0,608,15385.037374
310.0,560,15395.052548
460.0,888,15410.87512
575.0,961,15428.141895
600.0,1008,15445.773264
525.0,915,15461.832169
495.0,705,15474.893553
480.0,620,15486.129257
425.0,632,15498.122066
575.0,686,15510.483828
600.0,879,15526.280093
400.0,621,15536.989482
325.0,570,15547.737566
785.0,1367,15571.996601
490.0,924,15589.460711
450.0,598,15599.498851
410.0,583,15610.394028
465.0,736,15623.025168
240.0,524,15632.436782
355.0,570,15642.860228
265.0,542,15652.568985
605.0,856,15668.001357
695.0,925,15684.377316
475.0,690,15696.550963
510.0,752,15709.9984
710.0,952,15726.836709
600.0,948,15744.375594
380.0,910,15760.444412
670.0,721,15772.933595
785.0,887,15788.711335
470.0,1007,15806.74912
545.0,838,15821.354043
685.0,1104,15841.176401
800.0,902,15857.189883
545.0,760,15871.173072
490.0,896,15886.97574
735.0,1228,15908.972937
390.0,595,15919.633606
500.0,670,15931.490327
455.0,719,15945.231511
345.0,604,15955.528714
555.0,974,15973.377925
750.0,820,15988.332445
440.0,1037,16006.879415
800.0,956,16025.007859
350.0,715,16037.306228
370.0,641,16048.519597
425.0,621,16059.822226
550.0,854,16075.044818
705.0,1224,16096.164945
270.0,494,16105.307981
605.0,763,16119.246649
440.0,698,16131.25753
360.0,680,16143.331908
260.0,494,16152.519052
710.0,796,16167.131806
575.0,916,16183.666025
480.0,716,16196.904082
485.0,894,16212.901614
575.0,921,16229.10382
525.0,901,16244.769723
555.0,721,16258.026362
570.0,863,16272.916629
495.0,1025,16291.132825
545.0,902,16307.970587
470.0,672,16319.890546
350.0,607,16330.709384
445.0,815,16345.224043
670.0,930,16362.461098
470.0,843,16377.235281
200.0,472,16385.780662
620.0,558,16395.309824
480.0,726,16408.745918
440.0,1003,16426.319049
575.0,804,16441.428591
600.0,999,16459.542367
600.0,656,16471.894832
550.0,883,16486.90625
640.0,880,16502.836246
500.0,948,16519.577348
355.0,624,16530.871003
570.0,804,16545.839717
155.0,339,16551.278431
525.0,841,16567.030718
740.0,1153,16587.671251
240.0,457,16595.359477
355.0,618,16606.806517
800.0,962,16623.460211
365.0,567,16634.000331
390.0,615,16644.540439
680.0,844,16659.875807
300.0,653,16671.836082
545.0,773,16685.880491
475.0,630,16697.269157
600.0,1040,16716.586462
705.0,1289,16739.642162
385.0,549,16749.634436
745.0,795,16764.366206
490.0,932,16781.917413
600.0,896,16798.161178
715.0,791,16811.992192
550.0,753,16825.465469
705.0,695,16837.803783
355.0,628,16849.119972
385.0,588,16859.419871
570.0,712,16872.303394
500.0,662,16883.844366
600.0,957,16901.258177
600.0,901,16917.736242
740.0,1022,16936.025103
465.0,712,16949.175819
370.0,525,16958.388729
555.0,1047,16976.641565
680.0,841,16991.212262
780.0,956,17009.35225
770.0,778,17023.386357
675.0,777,17037.902756
470.0,808,17052.210803
600.0,885,17068.667557
570.0,847,17084.064962
425.0,575,17093.877714
665.0,814,17108.487103
460.0,698,17121.294137
580.0,906,17137.535479
600.0,911,17153.583484
470.0,758,17167.404709
525.0,734,17179.994221
425.0,747,17193.584104
770.0,852,17209.474803
545.0,922,17226.459429
600.0,730,17239.475316
435.0,574,17249.515279
540.0,854,17264.938896
600.0,963,17281.782983
465.0,626,17292.964076
490.0,797,17307.119875
600.0,857,17322.763582
545.0,973,17340.02127
605.0,896,17356.684877
375.0,508,17365.750531
495.0,951,17382.914878
515.0,867,17399.267997
775.0,815,17413.555632
570.0,968,17431.281147
955.0,1268,17453.982649
390.0,889,17469.908165
545.0,835,17484.518999
540.0,669,17496.570197
485.0,571,17506.884823
600.0,999,17525.191085
545.0,909,17541.18627
600.0,985,17558.445163
930.0,1372,17583.579579
515.0,925,17600.298326
425.0,593,17611.391422
655.0,649,17622.964428
305.0,493,17631.093963
570.0,893,17647.24333
570.0,930,17663.834167
575.0,727,17676.900879
430.0,616,17688.298351
440.0,624,17699.449431
800.0,891,17715.595461
600.0,844,17729.939736
545.0,819,17744.489004
545.0,738,17758.593642
545.0,737,17772.273877
575.0,797,17786.120001
740.0,814,17800.748147
365.0,587,17812.156871
715.0,724,17825.394177
575.0,774,17839.246835
575.0,927,17855.652456
525.0,901,17871.941877
545.0,855,17886.703917
805.0,1053,17906.517753
570.0,929,17922.594491
450.0,578,17932.679288
570.0,789,17946.83369
500.0,814,17961.778837
545.0,835,17976.230021
800.0,902,17992.171944
395.0,582,18002.855885
525.0,732,18015.55196
935.0,1381,18040.183049
535.0,871,18056.029147
490.0,852,18070.806584
600.0,978,18089.317382
740.0,760,18102.906477
850.0,1216,18124.844409
770.0,956,18142.241585
445.0,651,18153.820619
600.0,914,18170.327874
450.0,729,18182.886532
600.0,947,18200.131367
540.0,807,18214.52663
800.0,747,18228.236878
455.0,933,18244.942983
805.0,914,18261.92865
775.0,983,18279.869939
540.0,991,18297.384083
740.0,808,18312.183803
570.0,804,18326.319731
755.0,1080,18345.468116
545.0,695,18358.329898
600.0,962,18374.997574
950.0,1383,18400.240596
495.0,552,18410.3273
515.0,776,18424.305807
975.0,1092,18445.103505
545.0,986,18462.062521
715.0,762,18476.04584
480.0,769,18489.957973
350.0,463,18498.318662
600.0,896,18514.419432
440.0,651,18525.854934
605.0,879,18541.725043
570.0,918,18557.917039
545.0,785,18571.949858
855.0,1091,18591.239776
485.0,739,18604.550275
750.0,1166,18625.727588
775.0,994,18644.640794
390.0,604,18655.055151
575.0,782,18668.630178
335.0,488,18677.711905
600.0,857,18692.941131
1700.0,1498,18719.340247
485.0,744,18732.810607
770.0,1026,18751.862643
545.0,766,18765.625395
325.0,558,18775.333299
585.0,927,18792.895598
915.0,845,18807.468607
515.0,764,18821.127009
690.0,777,18835.31212
575.0,910,18851.37997
515.0,832,18866.689096
575.0,984,18884.025579
745.0,1140,18905.027205
505.0,734,18918.52003
555.0,773,18932.102662
515.0,792,18946.000185
600.0,983,18963.090493
390.0,511,18972.105417
510.0,733,18985.331001
575.0,900,19001.269327
570.0,731,19015.126369
570.0,814,19029.320258
575.0,758,19043.127534
440.0,588,19053.779252
145.0,475,19062.572252
600.0,965,19079.12866
575.0,892,19095.279789
520.0,797,19109.910584
1270.0,1284,19132.641307
655.0,1088,19151.907034
600.0,951,19168.517576
575.0,902,19184.607233
935.0,1174,19206.112608
500.0,822,19221.387465
600.0,1018,19240.172825
1090.0,1685,19271.635265
490.0,746,19285.395709
520.0,616,19295.764517
575.0,1049,19314.537552
365.0,498,19323.791617
570.0,666,19335.616156
485.0,853,19351.131586
575.0,833,19366.134354
585.0,799,19380.496652
545.0,907,19396.636528
745.0,705,19408.873532
1260.0,1156,19429.788907
550.0,697,19442.884786
445.0,561,19452.816857
800.0,817,19467.303677
805.0,849,19482.390056
845.0,1415,19507.512671
795.0,1335,19531.586097
600.0,881,19547.425004
500.0,774,19561.509426
695.0,891,19577.282084
570.0,677,19589.014143
600.0,953,19606.468351
570.0,983,19623.668463
580.0,876,19639.216408
475.0,546,19648.638593
825.0,1374,19673.777149
1385.0,1804,19705.857308
610.0,852,19720.826133
600.0,900,19736.928613
605.0,802,19751.695314
495.0,747,19764.69844
525.0,670,19777.554718
350.0,562,19787.252677
570.0,849,19803.04419
380.0,581,19813.416576
600.0,932,19829.493573
710.0,997,19847.717231
600.0,897,19863.573894
1085.0,1286,19886.794138
405.0,577,19896.552388
490.0,681,19909.293084
400.0,627,19920.144016
665.0,731,19933.905183
430.0,695,19945.875753
960.0,1260,19968.338597
495.0,745,19981.500154
480.0,699,19993.599388
735.0,1051,20012.813089
540.0,640,20023.683403
1180.0,1474,20050.324621
725.0,885,20066.486135
545.0,764,20080.090395
585.0,562,20089.551372
600.0,934,20106.582253
540.0,908,20122.811901
825.0,1264,20145.28029
570.0,892,20161.012917
350.0,556,20170.793936
1010.0,1349,20195.223163
575.0,1084,20214.595267
800.0,1162,20235.93295
1320.0,1357,20260.499827
600.0,907,20276.34603
1300.0,1483,20302.486785
545.0,825,20317.623042
425.0,591,20327.998219
545.0,744,20341.534147
395.0,472,20350.107962
505.0,1000,20368.438821
580.0,902,20384.438283
545.0,872,20399.758837
410.0,646,20411.498766
790.0,989,20429.21797
545.0,885,20445.106423
500.0,824,20459.536655
515.0,779,20473.383296
630.0,819,20488.308686
545.0,755,20501.116694
1045.0,1244,20523.673259
800.0,941,20540.695222
465.0,605,20551.801863
775.0,910,20568.165437
1125.0,1552,20595.680375
465.0,859,20610.96276
445.0,813,20625.362596
605.0,895,20641.621181
540.0,844,20657.167896
675.0,696,20670.0237
485.0,816,20684.600504
770.0,971,20702.302657
490.0,722,20714.481523
575.0,779,20728.392498
495.0,1014,20746.435167
605.0,602,20757.288954
575.0,832,20771.835741
1160.0,1421,20797.985977
600.0,1034,20816.453402
540.0,943,20834.337935
1035.0,991,20851.30475
490.0,679,20863.80782
335.0,663,20875.430877
470.0,778,20889.525708
1425.0,1379,20914.355949
540.0,819,20929.242088
610.0,845,20943.98456
580.0,892,20959.981739
950.0,1223,20982.618578
970.0,949,20999.173988
540.0,860,21014.378952
715.0,785,21028.376508
525.0,933,21044.699848
480.0,856,21060.352165
470.0,829,21075.005185
700.0,785,21088.852991
495.0,758,21102.532171
575.0,981,21120.880101
570.0,969,21137.67968
575.0,810,21152.522715
1085.0,1223,21174.09936
450.0,709,21186.922521
515.0,734,21199.516798
190.0,393,21206.658779
750.0,1148,21227.225682
1075.0,1538,21255.564988
530.0,774,21269.212113
390.0,731,21282.535459
470.0,786,21296.446017
300.0,467,21304.268891
515.0,762,21317.858264
525.0,818,21332.8722
575.0,1093,21352.110098
755.0,800,21366.096238
545.0,760,21379.588024
470.0,601,21390.544849
455.0,688,21402.346483
490.0,1019,21421.041492
605.0,852,21436.666475
575.0,914,21453.303515
415.0,610,21464.137705
720.0,862,21480.154355
570.0,814,21494.29852
495.0,778,21508.375072
600.0,709,21521.161854
600.0,868,21536.44466
575.0,869,21551.355803
445.0,731,21564.661031
645.0,1088,21583.840226
600.0,1002,21602.534309
600.0,861,21618.20828
530.0,700,21630.264367
685.0,772,21644.218489
575.0,999,21662.131196
585.0,933,21678.764775
600.0,804,21693.604495
950.0,1314,21716.632031
420.0,740,21729.373257
470.0,864,21744.962814
515.0,772,21758.812152
575.0,879,21775.166976
570.0,1036,21793.531281
575.0,947,21810.329703
580.0,947,21827.584169
550.0,841,21842.043368
990.0,1343,21866.691252
480.0,779,21880.487185
520.0,741,21893.048647
1260.0,1299,21916.259258
325.0,461,21924.568296
460.0,757,21937.959226
465.0,624,21949.207133
510.0,704,21961.524004
580.0,656,21973.052037
515.0,860,21988.450139
800.0,1084,22007.557367
350.0,616,22018.634742
935.0,1393,22043.506099
465.0,806,22057.991196
920.0,1346,22082.642862
555.0,933,22099.27705
480.0,687,22111.365052
575.0,732,22124.330951
515.0,849,22138.97366
575.0,1003,22157.060272
450.0,690,22169.256287
570.0,757,22182.776562
600.0,746,22196.220272
710.0,755,22210.484679
830.0,1042,22229.285146
645.0,687,22241.28879
355.0,517,22250.741245
1130.0,1402,22275.681972
600.0,922,22292.066244
570.0,725,22305.002273
690.0,857,22320.836457
1050.0,1481,22347.17192
545.0,920,22363.984063
515.0,730,22377.323659
800.0,908,22393.859617
350.0,599,22404.48293
585.0,932,22420.793849
730.0,765,22434.163119
570.0,1016,22452.742157
500.0,797,22466.390367
975.0,938,22483.292168
835.0,1173,22504.71417
520.0,757,22518.458874
605.0,868,22534.504212
685.0,789,22548.232054
540.0,722,22560.577648
1160.0,1176,22582.063799
715.0,746,22594.412542
480.0,730,22606.835799
570.0,719,22618.881101
540.0,798,22632.434936
575.0,771,22645.045405
680.0,718,22656.471297
440.0,979,22673.085804
805.0,1311,22694.829666
595.0,660,22706.02502
570.0,900,22720.83464
875.0,1433,22745.179446
